{
    "Alex": {
        "avg_wpm": [
            52.72452788673734,
            59.68344948739047,
            52.541517619952415
        ],
        "avg_acc": [
            89.2156862745098,
            87.91208791208791,
            95.40229885057471
        ]
    },
    "nizza": {
        "avg_wpm": [
            32.61253422842671,
            35.531756482365395,
            40.80196410323113,
            58.00160999057313,
            59.154678780439276,
            49.665468591343384
        ],
        "avg_acc": [
            93.67088607594937,
            100.0,
            82.97872340425532,
            97.22222222222221,
            95.1219512195122,
            94.28571428571428
        ]
    },
    "user1": {
        "avg_wpm": [
            40.29,
            40.49,
            40.73,
            41.08,
            41.42,
            41.5,
            41.84,
            42.0,
            42.24,
            42.32,
            42.68,
            42.68,
            42.78,
            43.25,
            43.59,
            43.73,
            44.11,
            44.49,
            44.72,
            44.84,
            45.12,
            45.13,
            45.39,
            45.56,
            45.89,
            46.01,
            46.17,
            46.43,
            46.63,
            47.11,
            47.26,
            47.4,
            47.73,
            47.94,
            48.01,
            48.41,
            48.51,
            48.77,
            49.03,
            49.49,
            49.57,
            49.9,
            50.22,
            50.69,
            50.74,
            50.75,
            51.01,
            51.39,
            51.84,
            52.15,
            52.39,
            52.53,
            52.61,
            52.94,
            53.22,
            53.64,
            53.86,
            54.13,
            54.24,
            54.5,
            54.66,
            54.93,
            55.18,
            55.2,
            55.43,
            55.76,
            56.21,
            56.37,
            56.7,
            57.19,
            57.27,
            57.47,
            57.62,
            57.82,
            57.88,
            58.33,
            58.62,
            58.79,
            58.88,
            59.16,
            59.28,
            59.45,
            59.49,
            59.55,
            59.57,
            60.0,
            60.38,
            60.78,
            61.1,
            61.59,
            61.62,
            61.94,
            62.25,
            62.54,
            62.6,
            62.81,
            62.98,
            63.34,
            63.66,
            63.75,
            63.94,
            64.38,
            64.69,
            64.95,
            65.05,
            65.24,
            65.28,
            65.54,
            66.0,
            66.28,
            66.53,
            66.72,
            67.08,
            67.47,
            67.74,
            67.76,
            67.93,
            68.32,
            68.65,
            68.93,
            69.14,
            69.28,
            69.31,
            69.34,
            69.56,
            69.6,
            70.06,
            70.2,
            70.33,
            70.47,
            70.68,
            70.99,
            71.31,
            71.71,
            71.96,
            71.98,
            72.11,
            72.49,
            72.6,
            72.61,
            72.65,
            72.92,
            72.99,
            73.14,
            73.27,
            73.3,
            73.57,
            73.96,
            74.17,
            74.6,
            74.6,
            74.83,
            74.95,
            75.15,
            75.4,
            75.75,
            75.79,
            75.81,
            76.02,
            76.19,
            76.33,
            76.57,
            77.01,
            77.2,
            77.31,
            77.64,
            77.93,
            78.28,
            78.73,
            78.73,
            79.16,
            79.2,
            79.28,
            79.71,
            79.74,
            80.13,
            80.51,
            80.83,
            81.05,
            81.39,
            81.5,
            81.7,
            82.05,
            82.35,
            82.47,
            82.61,
            82.93,
            83.27,
            83.7,
            83.74,
            84.1,
            84.28,
            84.56,
            84.96,
            85.31,
            85.67,
            85.71,
            85.84,
            86.25,
            86.63,
            58.59570542405776
        ],